years_after_2002,region,walk,walk_1_mile_plus,bicycle,car_driver,car_passenger,motorcycle,other_private_transport,bus_in_london,other_local_bus,non_local_bus,london_underground,surface_rail,taxi,other_public_transport,all_modes,all_modes_excl_short_walk,wnweighted_sample,year
1,North East,363.9774116579128,193.14851346550992,38.15065896140922,4800.535529654588,3003.4762281990966,67.78459628423863,274.69492413814237,1.7105832605301385,613.0721984952091,100.98439773375982,35.410584401824394,450.61836599248505,124.19862790533055,123.23638227041378,9997.850488954933,9827.02159076254,2659.7200000000003,2003
1,North West,327.29932778047146,191.07827208936445,59.97301138021511,5385.432164253816,3129.7549158151865,43.324147908328094,209.26806853813554,1.8180137421662366,463.7664363803098,179.26691213896046,5.024225893241745,482.62014612452975,104.39313949314563,95.27622279518472,10487.21673224369,10350.995676552591,6969.6900000000005,2003
1,Yorkshire and The Humber,329.5963010658909,197.94758046258337,45.15101545700209,5594.991307341492,3501.5981502388863,51.670480638225555,243.3308077088863,0.7217622379105009,456.31458379036656,123.14211016406311,10.497656812549542,400.306483467917,89.38103969579086,26.117422715112532,10872.819121334102,10741.170400730782,5111.75,2003
1,East Midlands,343.2005893783945,193.36211106842373,64.93258744148005,6913.712697920734,3871.472897277134,83.85064479008109,362.7339509765475,1.344249377516968,369.3338489730436,119.62529095461448,6.859069570278284,453.3721466498377,73.95647580252466,46.8416242768364,12711.236073389013,12561.397595079043,4348.610000000001,2003
1,West Midlands,309.08291962498214,179.11390883011362,49.977072316198054,6256.4235521387445,3243.053667696507,50.674649591108206,199.7408519884083,1.0371737181638312,487.98519081042605,106.26080256741896,5.783116272089517,437.5875804774092,72.45148167076545,75.94489497951042,11296.002953851736,11166.033943056866,5306.56,2003
1,East of England,304.6766176602486,183.30345918878925,75.46710169662396,6960.352751171405,3779.415201267799,56.85215601807135,253.51988451998764,8.84160985760694,277.9002323051855,100.62858215673978,117.21680577202046,885.6650520464995,94.34732288063455,14.317729119448353,12929.20104647226,12807.827888000811,5596.360000000001,2003
1,London,375.4167404996249,180.85554226694978,56.32428709328391,3299.917769982874,2083.559231715224,63.86855958355167,122.16030958551248,704.2578785319279,77.22023899206073,73.28276932180928,753.881462382217,1008.4474029337615,114.49634909581998,215.2395250079616,8948.07252472564,8753.511326492951,6795.81,2003
1,South East,339.489194078064,204.03120831276158,83.79653854559973,7266.784821793993,3878.9369317153396,90.54951396767156,293.20501887293017,7.9873496757494795,252.0256337453363,140.46911901082177,42.595256943002575,1000.5224838856163,92.31402616247576,61.06044365214416,13549.736332048747,13414.278346283449,7810.110000000001,2003
1,South West,335.0658847147706,184.10997996598314,65.7832113053762,7206.345301440859,4270.509054112838,79.62914742513652,268.75434994097526,0.5548139058558033,295.0163981122718,133.46676707894918,10.246922530254922,524.5175043257539,47.73228395109798,141.54858377297649,13379.170222617116,13228.214317868322,5398.33,2003
2,North East,351.68370316465365,192.03975822115436,29.334684283244062,4714.56846282536,2758.5955068791,46.56600385711415,247.26297109891084,0.3265947288053504,591.8750372172761,244.21793261338888,11.475910824421177,338.82169998736276,103.86264303490904,177.13778527468634,9615.728935789224,9456.084990845726,2870.63,2004
2,North West,343.9226961367025,203.75856751680305,58.17957642112166,5510.522487066474,3028.7478300317707,41.28631143851018,214.15773851556457,1.6946393795155337,406.1817760624095,174.49112092095453,3.403077839015294,440.8265420347936,104.1988458345606,78.93303651950883,10406.545678200906,10266.381549581014,7243.39,2004
2,Yorkshire and The Humber,319.6545747358469,188.4501199235954,51.66115941671337,5693.457211910109,3316.7588035896033,57.95650947746043,257.46349297210156,1.1490583190872952,449.175559726394,182.69514732067668,10.47419186213408,401.3862091240906,92.13817952476252,62.75364775071498,10896.723745729705,10765.519290917446,5496.54,2004
2,East Midlands,356.7364707063409,212.15473075091288,88.30405642966876,6883.027146973034,3719.5473599842585,103.90719642067366,360.4430032339639,1.0110194937845942,334.6385634790752,160.5495608077092,4.40543115191398,336.62971880146023,67.18985081671755,47.308815209274016,12463.698193507887,12319.116453552446,4432.33,2004
2,West Midlands,316.88448935366665,176.5811977619434,39.96323679846322,6160.97016371026,3275.8343046867685,31.548905987586135,208.21301507258028,1.3522828275222674,490.4005646465672,140.692195357134,10.73474547447766,539.1258478883232,68.61910023942814,104.15944899268159,11388.498301035459,11248.195009443729,5802.4400000000005,2004
2,East of England,308.181080060603,180.70392356706097,78.99113541660226,6998.795280880853,3975.010413370002,37.32490819908929,320.19565625429664,11.463150331598824,243.28872261881133,116.1699848885492,111.53941648185496,850.9697529833222,73.5415014076391,67.56833886465802,13193.039341757883,13065.56218526433,6082.58,2004
2,London,379.09450876373,189.04188013591084,74.06528263035072,3052.1687955014986,2027.3780162610324,74.87512206086421,117.65869353145204,722.4785508419949,88.7043797903304,77.09597652010925,680.5550457756499,1194.5594025482546,103.03399963451686,213.46960890096184,8805.137382760751,8615.08475413294,7447.860000000001,2004
2,South East,356.71510758957305,205.6567543819946,70.11598200597297,7151.72989405043,3630.102139296581,108.90917116366641,247.39848487268264,7.404834988066265,242.56148193084064,56.64434313162469,53.58543169015479,1007.8569536019289,86.04265100448995,48.078413933344265,13067.144889259349,12916.086536051766,8302.77,2004
2,South West,338.63967723925555,178.1939305293693,68.69158969277662,7341.156807899748,4117.48316319239,86.20240231356894,281.2441178616499,0.6456203826797389,325.1055229322707,109.60502876377701,9.056852351037659,534.7490697662561,57.534346234247316,117.05333780472353,13387.167536434386,13226.721789724494,5728.38,2004
3,North East,307.406006326408,174.15415614934577,38.53320010281429,5159.646735723083,2681.833000864094,22.259983378143875,240.44506858728735,0.043144365989336554,521.0789778792005,214.12731085410087,0.1752940836961765,420.78219192143695,98.2854615194525,300.3806693824944,10004.997044988188,9871.74519481114,3021.9700000000003,2005
3,North West,363.10636244512796,213.83764318043717,54.009055828147716,5674.27711031652,3117.8797330578645,47.96639601094615,223.16644769166408,1.4675573347599251,413.3879018721025,71.8618781213144,4.1161415960388945,485.0101603546188,97.91593052084652,37.35430218961792,10591.518977339565,10442.250258074868,7428.540000000001,2005
3,Yorkshire and The Humber,343.373566002096,202.24088685519797,57.808267546348645,5962.122108759771,3435.370524344263,57.59860601159823,335.7500017201845,1.3019777715836414,456.11845227223534,226.1933823150389,7.94216477622788,554.0574467788099,90.9430766436256,59.420770635324665,11588.000345577113,11446.867666430206,5562.55,2005
3,East Midlands,353.17376616795883,210.4655467757144,84.61761700426052,6203.721717289813,3413.204948376635,86.23276127405046,305.2555899796981,0,359.1503254077941,152.67327494926565,10.11134983662742,391.89881024775616,83.17275881801578,36.860246654146614,11480.073166006017,11337.364946613765,4657.7300000000005,2005
3,West Midlands,299.9147610676905,155.3271136319842,27.915011507700427,6012.627233021019,3344.444940018547,53.28184011524185,194.9712622113282,0.6175679845653902,464.19040597048314,175.5135756759024,6.432646372177604,360.0377862490781,71.02787999592282,64.04059486615307,11075.015505055799,10930.427857620094,5890.990000000001,2005
3,East of England,323.9903140479564,170.13489927221397,73.60590543930353,6920.86453301894,4008.7019269888183,78.06977265454594,332.0276600681123,9.997875324003799,234.78468110955424,123.67184674265755,109.3880007347479,1012.2408144793035,85.42580244007614,107.82470069054547,13420.593833738563,13266.738418962832,6200.110000000001,2005
3,London,386.3817357043475,186.0857186210723,80.67240126540604,2906.6116253525634,1885.569871096284,52.50487927364926,92.57949418961933,768.5723957203122,52.375928491268404,73.74816968822988,686.6586586478314,1309.8434583565017,106.1896328328302,158.5352281559348,8560.243478774777,8359.947461691501,7101.71,2005
3,South East,334.1061862518806,189.47728565634694,65.79105924896487,7129.809197011779,3771.891039042824,68.17551847691671,195.1138174756405,12.768689142572722,206.30685375441536,58.97878242625028,48.285302643864576,1126.7282782845377,90.48483029743856,96.5789859014708,13205.018539958546,13060.389639363013,8288.28,2005
3,South West,325.766861188413,173.65796206986954,78.66924336841055,7314.72623269977,3833.2110350694907,80.62275362915197,367.62957188986314,1.744515191030986,315.3246962162714,127.90028169290703,8.280444081151039,492.1000094502066,63.987060984349476,73.65665042564369,13083.619355886656,12931.510456768116,5691.35,2005
4,North East,316.5724245876521,178.8986752687013,39.955836276565016,5157.454494098147,2539.8838890902816,47.70574387054612,243.94969060500753,0,544.2502893343388,151.8638405473264,0.8300400702258592,432.4253563063822,112.0576416679549,300.8251958959973,9887.77444235043,9750.10069303148,2946.3,2006
4,North West,363.29090179826306,197.48973743054677,55.98280608915507,5734.441464643533,3086.86751542966,52.29531974437224,186.52620169642216,1.9386329317025321,484.7839254734937,85.22983309467477,6.426629748432842,573.8928230177415,92.51551548443331,55.14234104374367,10779.333910195617,10613.5327458279,7689.360000000001,2006
4,Yorkshire and The Humber,342.42474567275855,193.87742933386207,56.98132650422905,5936.544337914209,3510.0985478924963,60.530154890843626,295.13559429383037,1.0514484514135907,470.3432362554215,164.27149684325408,6.658874542413618,624.2046019800208,94.57091648487487,31.194839191248157,11594.010120917023,11445.462804578114,5511.030000000001,2006
4,East Midlands,358.58066606389417,199.34692290793492,75.03122305081035,6294.432331556667,3296.822634742773,43.01571094945734,233.96719630981588,1.2244954005106181,377.0085466899881,90.22855342905424,15.33468773720682,591.5555397005415,88.64225197822574,41.00044149982829,11506.844279108776,11347.610535952821,4813.9000000000005,2006
4,West Midlands,279.77892295569995,144.5103559198439,30.900018870277524,5875.650482773617,3370.8556830790876,45.00980304672238,176.6655942744782,0.14651737581972715,463.5046863636955,143.55455651759115,3.0453443968402056,286.14881251519256,72.6736655491004,43.1185668975675,10791.052654615705,10655.784087579852,5915.14,2006
4,East of England,334.70116366747635,176.6050942456134,73.54126188184024,6984.709455272192,3895.35764813611,98.14896299198611,247.54801408506498,5.865508152252318,258.69715258509297,76.31746008919066,83.04208033952577,1078.5911819935177,89.63859593911651,78.22579143760902,13304.384276570967,13146.288207149113,6089.02,2006
4,London,389.03451142567303,173.76012379190774,86.15014350400904,2972.960038295943,1861.3559976949232,58.52420747129404,91.40204276690838,791.7435386963066,7.139097223493495,84.6238028183341,747.0659632598033,1279.040293520598,103.64967884910767,221.02492038347435,8693.71423590986,8478.439848276103,7106.540000000001,2006
4,South East,314.7622895877248,179.61542545642612,71.76189734157562,7197.1488277159815,3880.0910216113066,73.01552453007939,186.76004415741687,13.07757293167055,263.17280402837565,81.13472694519318,40.1772263759988,1122.31070091719,97.7241709107734,184.4817557994603,13525.618562852733,13390.471698721447,8423.52,2006
4,South West,346.07975935581413,193.44608076709596,71.0329447548256,7042.8070325233275,3900.72169670243,48.919890999078746,349.3800252420482,3.547031902297618,294.744731893086,193.52040998715825,9.441342136559522,506.8611032889303,66.96859039309253,125.54960072797091,12959.574159906622,12806.9404813179,5607.63,2006
5,North East,346.30797059972446,197.48949872600105,51.20709456389386,5209.831837143638,2818.643434347718,45.871587197106216,186.42002318565767,0.8738396686040879,605.6536684816137,152.79414794599603,4.119352030046827,460.60463353764874,105.04293115751689,287.27704375358803,10274.647563612754,10125.829091739031,2947.9100000000003,2007
5,North West,322.07137616525097,175.7138009598174,53.93000791475278,5695.556221684751,2959.2848611664735,46.00347393799081,182.77621754705868,1.324497972004996,487.63774254363955,68.66476510077112,4.49917205690549,610.455756958381,86.79878132081387,72.84427854215323,10591.84715291096,10445.489577705519,7565.39,2007
5,Yorkshire and The Humber,320.61457522111783,180.55729490600217,61.77981069771451,5614.170332729858,3205.6828263919792,59.12825488285563,223.55012640608518,1.687960419606625,513.2326151456544,88.04792481020718,8.157220515360365,632.8028606312278,106.29993444010981,59.65223302424575,10894.806675316022,10754.749395000916,5340.37,2007
5,East Midlands,340.50976120571147,192.1415424231733,64.80402945378302,6361.765123042807,3265.0177549114715,29.62165817203928,205.3874438326215,1.5543245833506163,359.6261107211768,98.60837860508921,11.055266140463537,551.5598973980617,74.25500351086862,33.40592825689648,11397.170679834348,11248.802461051819,4707.64,2007
5,West Midlands,274.4924659536911,143.91490355294587,37.70619404860297,6030.997791859249,3337.534226324157,18.29400033786549,166.04613857197836,0.2881849467696666,479.35353754172905,99.12847574766191,4.611283869689094,457.6733827276739,83.9066430421019,29.342330741452027,11019.374655712616,10888.797093311867,5670.42,2007
5,East of England,320.30843343811205,183.97520075915654,82.55536263594816,7268.6317561403275,3882.8259571503277,72.85734438934539,168.04042763492973,7.773388798597166,308.94712697187737,91.58377273436479,60.73776728790999,1173.0759677346523,76.45796241333265,42.70007122882147,13556.495338558554,13420.162105879594,6060.04,2007
5,London,384.98223791289087,172.60052260590763,82.85732772798845,3009.11148730889,1873.2557689343766,66.77843153603915,94.17696437899325,781.4125962249528,7.543826694898163,77.68406202548098,777.9024696697252,1265.2817652389806,103.87485935871295,265.13433192791035,8789.99612893985,8577.614413632875,7653.9400000000005,2007
5,South East,322.0366981457857,178.46495058530118,80.56177142654964,7212.042193591095,3800.1156942688895,82.15802468385624,163.73181969339217,22.424227648765882,305.7667405175368,85.10390123157094,52.03571423941362,1127.1007437343703,81.35809445530663,173.74115517223584,13508.176778808765,13364.60503124827,8286.67,2007
5,South West,376.0157082282842,219.48113946266608,83.6524704065884,6843.710676999782,3903.083906555237,83.9414257488926,227.6354672440458,2.717026141329494,307.72396088499784,160.2955881379557,7.486877161708732,527.6531075933028,63.646577451590986,140.14423422466078,12727.707026778371,12571.172458012757,5712.280000000001,2007
6,North East,328.5005824991522,190.9666155534615,57.804904073884444,5255.691765527442,2938.881760101176,25.9560756864143,231.50733260293939,1.1085394398374266,609.9676255682165,96.44101256229622,4.56860122223022,367.84471819210586,97.41012718861684,302.4386495063291,10318.121694170633,10180.587727224944,3010.7000000000003,2008
6,North West,317.655306192307,185.1358841686658,58.19456112879533,5370.729547200038,3039.735480502402,51.13370186529812,171.38052015893672,0.06695723259480024,480.4699404820458,58.07619790943677,2.324673436218672,567.1829222219618,84.96431026907598,97.6659948133426,10299.580113412452,10167.060691388819,7586.320000000001,2008
6,Yorkshire and The Humber,307.9755017361039,174.57619201184582,59.02099971851771,5503.4807313382635,3186.4674948989773,75.08742941659074,218.5111968769625,2.5776354401325414,564.0007749054901,76.49793464973467,8.907005972560453,689.3938684233206,99.62281744336677,45.92700487542996,10837.470395695453,10704.071085971189,5263.09,2008
6,East Midlands,323.8239525720156,188.8970951107893,64.02350642246311,6625.881722202417,3428.452749800448,33.516414588093284,231.53274791038223,0.4318246618324385,363.79223854178395,127.28074451354097,13.129831026045998,453.2210292311447,80.39540980148419,11.616931254734505,11757.099102526396,11622.172245065172,4498.34,2008
6,West Midlands,274.90971935871033,148.66209907631924,42.26161691573384,6131.481633894584,3064.611423843703,34.138318772240716,144.45050841446286,0.2936583153841148,455.64097254069395,132.7528765815989,4.084056355721603,527.4247328114384,105.56625747234007,26.945438414826103,10944.561213691437,10818.31359340905,5507.81,2008
6,East of England,286.8194104520654,164.60777928430647,73.74394881853642,7095.925650980385,3844.779247546806,66.05220754738615,158.04440147366623,7.194449915356247,318.11930929574146,70.86959951237576,65.28601076111778,1183.6093516475892,69.89599154050184,76.05244473338277,13316.392024224915,13194.180393057146,6064.870000000001,2008
6,London,377.163061024679,174.9769748080413,84.7653623535039,2866.076782812963,1833.5922134626865,50.64481598527889,93.6904432261354,815.7352779610083,10.037072662448935,74.78768192382394,774.1953174073958,1196.0487412406608,104.07393548888453,227.9735300758643,8508.784235625335,8306.598149408688,7636.2300000000005,2008
6,South East,331.7299898461026,191.1750585262761,83.96185216666451,6881.756763669365,3730.614535790224,67.97088090124652,154.966912074756,26.32347978313517,285.0631772406009,103.43994315373145,55.002876162193104,1208.5520062101914,76.170327832889,124.01939248894354,13129.572137320052,12989.017206000228,8246.42,2008
6,South West,349.78273429376367,205.11837719025473,88.59895829777518,6595.935451570482,3806.8612582327,117.46206731624021,252.83448195494412,1.9882808003480656,311.8994226677943,99.72098916535079,11.086036158821457,613.6088823977383,57.13929209495592,131.21356560466646,12438.131420555581,12293.467063452072,5667.200000000001,2008
7,North East,323.83592645243004,186.97875798375432,60.31816230669995,4961.5870013282165,3144.6270464153995,26.629586647647443,280.37920786132344,0.7339516102880994,657.1455302584219,64.23293701909317,2.1064706931319526,402.05307997475813,116.49508668923677,184.69170931062385,10224.835696567266,10087.978528098585,3034.8500000000004,2009
7,North West,337.03146950811225,193.9362963845879,52.05031441847563,4922.910126842705,3001.082190566569,63.21890262892126,213.33262884703106,0.19904370330290447,451.6730263721949,53.8792357617189,3.247203280227865,539.9758011992682,83.23913221903055,110.65037730450278,9832.489452652064,9689.394279528535,7639.450000000001,2009
7,Yorkshire and The Humber,322.0029819683506,181.5092488335819,60.85881854907092,5313.04661034319,3443.532139515122,64.4264966755437,233.45819200986,1.4532854191430904,561.9118114125159,43.6318731047607,10.471658156314275,634.9880769998251,95.59237949020029,24.24439551284488,10809.61871915675,10669.124986021974,5456.29,2009
7,East Midlands,319.1069145642261,177.58194361918046,63.498584039679116,6793.425307946805,3428.2019260393527,40.41183258142971,182.62629687652645,0.09833835670234096,399.33642024108485,65.34401357474252,11.761557403719467,376.72086165450645,70.82379243888398,10.308295000532727,11761.664140718174,11620.139169773143,4551.47,2009
7,West Midlands,276.53829977855196,150.2094383386818,41.780716984483114,5782.339842908226,2984.9380298312635,48.34466591900951,143.72639006257347,0.30267228333164853,429.78998918963214,137.71612757779465,5.402023048179724,458.02341142987837,101.5990293114596,16.638064879030175,10427.139263203433,10300.81040176355,5633.39,2009
7,East of England,280.5949584483727,153.43677113039737,72.8761873373574,6888.168493110987,3765.2338276663518,49.84620331603835,176.32660296953463,9.900288424693555,277.39584693598135,35.615315571313694,86.77963349917107,1134.951963854456,68.0481204738382,125.99729373987861,12971.734735347984,12844.576548030009,6114.780000000001,2009
7,London,380.8079024979232,172.85747233531504,97.60149307324565,2562.6500770464995,1831.2521579436211,41.54531048114221,113.42558849805042,835.3191511694454,11.85888280852409,87.3230518691049,792.265572956288,1150.9006377537837,87.9621967210089,129.5746662438207,8122.486689062456,7914.536258899854,7694.1900000000005,2009
7,South East,357.28153527602336,208.92271287435207,97.4584135046664,6287.5313533421995,3450.8829781001978,76.33141673906866,178.51923600637036,25.830781861864608,291.38176185815547,118.42734144800909,55.34942916350026,1270.602969926462,94.34747665676838,78.80424078380105,12382.748934667105,12234.39011226543,8634.43,2009
7,South West,326.4748138921707,192.56237957340755,93.08972983409264,6317.776495866735,3969.0235667892402,121.98078441237215,398.79561853273964,1.7854133630352558,320.373313051353,81.68568817816205,17.908604916195568,583.3628995341641,60.76695383570483,145.43590254530787,12438.45978475129,12304.547350432527,5432.14,2009
8,North East,314.02613673693276,180.55234870460956,52.67085394799696,5293.192560887811,3274.279559019381,6.064896386656742,243.7047852937016,1.6586238149073727,609.5794923071364,56.03286461328616,1.9617287980383733,491.86455928332015,130.60197895903866,166.33789734303582,10641.975937391238,10508.502149358916,2862.5800000000004,2010
8,North West,324.54030659479264,184.5204449932051,49.99295539336213,4820.153353012711,2752.217390902299,48.41341556687089,304.1247051032177,1.1111363225695365,461.2928206654185,67.4809868756875,6.013555626131904,561.483036676146,98.81773879063391,116.61213585402025,9612.253537383855,9472.233675782269,7423.71,2010
8,Yorkshire and The Humber,326.95555707931874,184.94757381146033,67.79272102291834,5258.168997407418,3399.889666253218,40.0761667198428,219.29244914888992,1.0384659143585864,499.9079807980431,81.5069466664525,8.797616147582735,699.472316704436,103.42489058404097,37.22010020824917,10743.543874654764,10601.535891386906,5372.570000000001,2010
8,East Midlands,289.8107050370784,162.07764649682844,52.40075189812529,6545.061911004774,3327.9129340340105,38.68898187905717,126.31382927915115,0.40469913962588994,381.5411495658303,87.09960514273959,7.451623822987009,328.44177556986745,67.93084702581305,39.97033702913935,11293.029150428203,11165.29609188795,4797.8,2010
8,West Midlands,272.18364012237254,146.75954716910286,46.310188536722904,5407.237123607339,3117.228461688657,41.868393078580624,186.09226553461474,0.808395223108265,423.0745646755695,99.8078175043844,13.793883598511442,571.41278383164,81.79819736511183,11.63212452650427,10273.24783929312,10147.823746339855,5731.6,2010
8,East of England,286.60631336708343,157.61756954611616,76.53738662127424,6725.970229206149,3448.0519925152003,60.75484556815568,215.16964375226473,13.471421768682966,253.29694257850542,62.803569481683255,96.98270277429431,1103.4463129409717,60.07215998901543,78.89709228636137,12482.060612849647,12353.071869028674,6195.280000000001,2010
8,London,376.2305949356886,160.4584036407596,93.65948746523705,2480.433906108109,1746.5136586970402,43.48669366649256,92.95753415918638,901.5643582050252,11.376228895033691,120.7554298557679,755.41410575286,1232.691323968409,89.3697237672315,127.33011002200307,8071.783155498073,7856.01096420315,8041.950000000001,2010
8,South East,348.0500177616867,194.20776761525212,89.59260035321267,6413.731034415623,3372.973757097532,76.34877666010419,167.12046653001582,26.371616420418153,283.8796091215618,111.31606009981388,66.55189768230747,1273.2885098328845,90.63966747694641,54.50645854511081,12374.370471997227,12220.528221850785,8769.67,2010
8,South West,323.5965947660099,196.35071966933117,109.43495307301092,6294.388284909584,3924.5817041921705,91.98830408980331,400.9216979566818,1.2166002715366873,341.93812502867803,73.6604268582233,15.168390310963796,504.3424506744039,56.10437371289298,159.6434026978533,12296.985308541822,12169.739433445131,5306.56,2010
9,North East,323.2189945003433,193.0577678599797,44.97005603690002,5553.590828888608,3035.968297747317,1.8471623513155857,300.29835443477356,1.2477180490735833,605.812628049273,45.38990581773695,2.133609120127768,515.2281084145523,118.22770214616145,201.1249575160474,10749.058323072226,10618.897096431861,2680.65,2011
9,North West,324.2111329111578,188.655291461806,59.35072397178125,4919.603479904114,2699.299087706852,33.08856747237255,222.96410105814613,1.221576333911234,464.15349089391253,76.34175461982043,5.418628028900388,546.4293770927545,111.83528134908947,86.63604436756533,9550.553245710393,9414.997404261028,7335.160000000001,2011
9,Yorkshire and The Humber,328.5931687244071,189.00184681617662,72.88734505909174,5435.884611942809,3406.2127641206635,33.36076020677137,171.4699113193596,1.3682927097892206,474.89408265577333,121.21131305629979,9.299304241929848,746.3540985514339,83.07418162610679,33.07002764861589,10917.67986186304,10778.088539954826,4754.33,2011
9,East Midlands,288.7425343566331,172.28375509330778,54.2823602607277,6412.060425782341,3526.0156469294293,46.44691944737995,155.90172137890008,1.1887935587985554,366.78101881834704,139.16923557770042,11.781813476379995,381.95457027240514,68.556475179606565,37.7231961303908,11490.604711169037,11374.145931905712,4557.91,2011
9,West Midlands,266.9162405679361,141.2019197610626,58.642931968779806,5470.469602634179,3088.2100671519615,50.78375284131442,199.4305250053648,1.0016479778808842,443.0405426534262,84.87390332062861,16.13551680175377,599.250588031497,73.34742200408587,45.05830497313587,10397.161045931949,10271.446725125063,5530.35,2011
9,East of England,287.90218458716436,155.12729623458947,74.38208995741982,6559.0395710667335,3449.5762707333565,66.93387485320727,232.9351674490587,16.52266627379562,276.2143421012142,73.87686935087088,75.981836879584,1083.9721009008033,64.64189691640296,50.532257703792986,12312.511128773407,12179.736240420836,6006.910000000001,2011
9,London,360.13308407835564,149.87464158974467,92.74491447189884,2481.8737996414848,1581.9859718483353,55.36833665749677,84.35096132713105,886.0420815231214,10.46612114507223,118.51634746674536,695.7153164435352,1159.967465238649,103.90510612580901,149.10764175511622,7780.177147722746,7569.918705234148,7761.81,2011
9,South East,317.0755524995883,178.31126616487563,81.63384985562342,6877.5059828942385,3433.50266345426,81.34119783306159,166.0948516599437,19.39197002909779,263.7652223478025,73.65003880689723,60.65478823828528,1319.925505486117,91.41439684502629,52.21996358376058,12838.175983533698,12699.411697198975,8246.42,2011
9,South West,309.210146426887,190.85285116145585,109.45368760024644,6302.730851880153,3936.887604416913,63.285207659282065,361.8523404999966,1.3693678724096194,348.2819011009917,83.7316677028271,15.416020457490285,515.5369991081706,54.03877121073905,91.30056523546152,12193.095131171565,12074.737835906135,5102.09,2011
10,North East,321.2410577789693,195.01885626967905,46.84942828423154,5443.541994174521,2932.5692298814697,25.98775232679761,243.20167296286084,3.7471965743812037,660.8761050946534,12.553435589775068,10.479505507106536,661.8537570701255,108.05535899633502,133.95981411182325,10604.91630835305,10478.694106843752,2877.07,2012
10,North West,327.20140154287003,189.8466730422049,72.74252301459927,4754.276914544982,2745.888041512305,36.64382912746492,124.81825734465778,0.5684371094542993,446.10252989459275,54.40440952999918,4.874543107852759,631.5191283836806,103.99754417499805,44.02502132210663,9347.062580609565,9209.70785210891,7219.240000000001,2012
10,Yorkshire and The Humber,309.3519424056906,182.5183865776388,60.128029205504205,5735.805990199402,3265.5499443197305,27.4652196408329,169.63176405953638,2.119569545229624,459.08782860247265,157.4640553575876,15.587058773568101,773.9325644291212,77.44941407877148,42.81811352301023,11096.39149414045,10969.557938312399,4762.38,2012
10,East Midlands,293.09100120051426,171.77184976693835,71.69404024237409,6518.947620414212,3699.654059912697,53.228990959029524,200.41621592415703,3.3643543957012643,423.53747293762694,126.17379255310199,11.827582291019747,410.1912546097899,69.67337456738679,9.094897470473335,11890.89465747807,11769.575506044494,4404.96,2012
10,West Midlands,272.12565722415553,140.93593428236673,65.42285161346068,5575.4841880892955,3067.2537517043766,61.79420450248799,142.16757609313845,1.1222048454339453,476.0223530208074,42.2588294173756,9.701188217888992,491.9150641510822,73.81955867460024,36.17415437345742,10315.261581927565,10184.071858985766,5733.21,2012
10,East of England,294.3658254012469,155.74740143100277,91.5338858705882,6487.120721309976,3544.7610293485322,86.16204134855919,162.05004735723315,22.20795370396704,320.13817218821436,90.93009306348814,72.56004348593392,1125.9680956979619,80.30587520539655,71.53023450665842,12449.63401848776,12311.015594517514,6135.71,2012
10,London,356.38551890385673,150.7559533421291,97.98131373888123,2371.413094198852,1543.00357285258,54.35825448448907,106.86997426896481,777.7930178515595,13.027553910803732,142.62633266210577,682.7925654572333,1194.8052477928798,91.71091869196326,128.1357277052269,7560.903092519389,7355.273526957668,7684.530000000001,2012
10,South East,299.67682954026685,171.57951793171898,99.2927693798263,6564.960426185518,3479.8267704547256,70.37904358777796,178.83480887123636,19.843060825768937,274.3911676863383,68.68683209678728,54.80635893996788,1270.4605995432314,106.9273175174594,14.270017645551281,12502.356002274448,12374.258690665898,8186.85,2012
10,South West,317.52741244495104,194.19942935775768,120.81714555855167,6210.085363913029,3825.147959789435,118.46085096178977,337.5649417295324,1.2531715179508756,349.4200779299005,109.70829382739971,19.014983435712097,649.4700119169797,56.959981775310794,40.07888521880536,12155.509080019348,12032.181096932149,5160.05,2012
11,North East,304.9633272374262,186.09905883122926,61.14590895986463,4843.647924340239,2879.1579585576214,31.718450585512063,179.5579819157617,5.358964931487056,636.5624251838769,40.857783233015944,9.815530542441667,638.0824901896217,102.44681333400301,120.1205129918734,9853.436072002756,9734.571803596551,3070.27,2013
11,North West,303.40151343920496,178.40977059104802,63.0029853982366,4745.491559862722,2731.964203062633,31.79860859906448,151.36040246637606,0.5232268403005688,456.0788170836969,92.12591866074749,7.197489951825076,737.3758615532707,110.01213085147442,70.45800095164402,9500.790718721186,9375.798975873035,6955.200000000001,2013
11,Yorkshire and The Humber,321.7532493200362,195.13851008347388,69.54920688143204,5533.494047903592,2827.4095333360333,31.715980282779714,150.79930290992024,3.5948304225149514,448.5599218833169,161.90013748400654,14.941530439041546,1018.3001177171731,101.25271987771283,34.347956037812814,10717.618534495365,10591.0037952588,5082.77,2013
11,East Midlands,296.45196506032977,167.74796279318807,81.8855986337662,6690.110310368528,3643.11366499195,90.25542063096006,225.98573219077025,4.251653925498639,415.13478001288036,103.15854170419378,10.650368188953404,473.76896708765037,93.34085016959794,84.75633654491185,12212.86418951,12084.160187242858,4654.51,2013
11,West Midlands,272.3263009361178,148.18900049250797,74.23795707446452,5791.966811009537,3053.085628206831,34.818677894873986,174.61764949069365,1.897683572302495,434.52621386586907,50.54466438750812,7.100939575096924,473.87256881676626,68.99807017365704,3.659170238700938,10441.652335242423,10317.515034798818,5862.01,2013
11,East of England,282.60262916396294,152.25719856955754,85.4006990301161,6511.858950118403,3508.3426462547277,82.24320659631384,165.85459780431648,18.35508881871106,328.09328786778036,84.90628292484305,102.8364202580813,1136.291417026014,80.38755234204896,101.97636118488549,12489.149139390212,12358.803708795815,5997.25,2013
11,London,360.1702305946385,154.53827031145602,97.79131227931487,2302.625015973346,1548.485593933364,43.659604294141324,99.80698186100841,779.7810470677938,11.937779866945215,113.05743348844831,684.2806228243146,1371.3700729368252,81.5152423603209,136.5778947335574,7631.05883221402,7425.426871930845,7869.68,2013
11,South East,299.9329149431369,173.38968545780813,96.56742540767512,6013.921900320722,3445.1716408466136,64.87253264607841,137.34346593562879,18.697157737733363,289.47531343370565,74.83274519012649,53.43847657793123,1154.5599833613999,87.11949106855461,29.36866435054333,11765.301711819853,11638.758482334531,8239.980000000001,2013
11,South West,334.5910044053143,201.40283699684667,108.2443552250647,6155.955888529488,3733.9947929078558,98.76058344467181,354.0151441156807,3.510351574837693,333.90603018941334,72.04824677398196,20.395557659827983,677.6382341695455,57.47288753434852,64.25034898321772,12014.783425513255,11881.595258104779,5176.1500000000005,2013
12,North East,303.7897062212459,196.08675640036302,71.80835166650667,4955.228552154044,2809.3804857015634,8.7978348579476,188.50633104449307,2.614875969550631,593.3154755425481,103.2824428481604,15.908429829759296,674.6374120922466,88.39126119888365,180.29120501756626,9995.952364144525,9888.249414323645,2976.8900000000003,2014
12,North West,282.2077044703442,168.1939957393693,57.13028904299629,4947.312452227053,2644.9544590563514,37.660686207860486,154.27687628485225,0.5991107827533206,437.4572325677016,89.17624360681171,5.026523001711077,631.2540989063821,105.45488959433372,75.95726095687832,9468.467826706024,9354.454117975041,7119.42,2014
12,Yorkshire and The Humber,320.9562662076347,193.2171842465772,94.59504472394502,5379.158647903609,2944.7626797522807,23.65332133406329,193.94348087912797,2.4968335545742906,443.5126157610076,74.02126209616067,7.507759075352917,892.3836825945497,104.39832200620131,13.139482906575788,10494.529398795084,10366.790316834027,5258.26,2014
12,East Midlands,294.72592392457216,167.99798121408583,87.87061904730086,6273.980674126144,3495.3639067182253,73.29404640574505,287.45919931032637,1.9355560436297703,339.38897507343995,97.41813825591883,7.3879626513247505,512.0563308331119,92.2531909038478,88.71708248792876,11651.851605781514,11525.12366307103,4617.4800000000005,2014
12,West Midlands,261.0788310013986,143.05052317673852,61.963888162835985,5709.421297574989,3138.665656480419,16.71668637297309,237.046763349186,1.9279985287287564,395.82965429278727,68.21761808660315,6.19663274758187,557.4873609962523,77.7094113731254,5.354450594581941,10537.61624956146,10419.587941736796,5506.200000000001,2014
12,East of England,277.31182804222317,146.59555839982718,78.36848251045048,6621.894326092954,3625.066036178655,56.176791778128724,204.26393982651084,25.767205074753424,312.50870122555835,65.92203850365856,88.88809243938559,1083.302585286741,83.12991866043234,89.14645916289719,12611.746404782365,12481.03013513997,5604.410000000001,2014
12,London,371.9210314293853,162.5784892002847,114.22416683788872,2306.4511599597386,1592.096488632788,70.44290565211739,91.18073911388709,770.9005926941147,9.081860979876,62.36053266536987,759.2475813262955,1366.1960367759084,108.32852135944616,132.94752015822036,7755.379137585042,7546.036595355947,8125.67,2014
12,South East,322.2440903941873,182.81882995317096,98.92275018812893,5857.043530648871,3135.654472046118,65.6547870079173,116.5642519560323,19.20964447039802,292.7665198499461,62.48428404159615,46.49790317381689,1190.2669909662104,69.63507648573975,35.940581275425686,11312.884882504402,11173.459622063392,8288.28,2014
12,South West,322.2365794893275,192.00638935033678,92.13464771193448,6361.292521608813,3782.276624831944,57.029006177790606,302.8188032199964,4.9126864453806025,368.00616277298496,120.04573963305616,22.22198116693373,568.5848282667778,66.91308279001893,53.79188160208732,12122.264545717035,11992.034355578053,5123.02,2014
13,North East,296.8361279073666,181.15456680872188,62.486934291719116,5569.976891251631,3060.2609938869678,11.356425429917813,191.03779695219535,1.669822376538218,545.5054911537346,298.1092556430846,17.780933326794653,751.1254030107624,88.95582923792428,175.65726003244671,11070.759164501082,10955.077603402446,2794.96,2015
13,North West,284.0642776148996,160.4129327933508,67.93851977997117,5035.675964785418,2673.1985291212377,44.9967822639435,158.2451524252466,1.561134712556236,429.2746900604348,55.81304759667586,5.797691622434749,780.6301386222476,100.95732196548656,51.858480441873965,9690.011731012422,9566.360386190878,7178.990000000001,2015
13,Yorkshire and The Humber,303.78139869807353,183.02393066495384,91.08620830123263,5539.508519808812,3224.916048690428,20.648978978537805,222.97124561472194,0.8200886967354799,426.88712609458486,63.445823188111646,14.143637240161683,654.4079315116772,86.22265440766462,17.174359295214796,10666.014020525974,10545.25655249285,5015.1500000000005,2015
13,East Midlands,317.0134006120034,179.50180144940086,79.95319179141622,5990.225833422758,3533.3712007699505,26.667859376893354,240.4634106554904,0.2880054118180926,339.03364371134785,76.95195806379263,7.528682290019186,508.8662256448911,74.91644294716811,31.880387299239832,11227.16024199679,11089.648642834196,4446.820000000001,2015
13,West Midlands,261.96337191603146,137.96710939293158,49.72600566471837,5277.724136912519,3153.6494320248503,51.28202521106764,161.27053509127785,2.090214455970062,414.230173464465,52.74781892171793,5.0834902989771065,554.3419551246343,104.78910456262979,25.953127166287093,10114.851390815147,9990.855128292045,5200.3,2015
13,East of England,283.7650473905109,156.5505108356679,83.39310658837047,6526.514678683203,3527.3670552850926,89.88237197404582,215.57462025764897,25.487489271355567,293.3715911906472,51.3290961657221,87.87483584531077,1174.8951180339075,84.01626329923704,74.27564033091191,12517.746914315956,12390.532377761107,5501.37,2015
13,London,369.82205884000007,168.6116053130418,127.15451047126757,2216.2534453078342,1473.3784877139622,66.07257570331251,77.97567714742199,775.4645768314856,10.513574366471335,48.327127671018246,788.403958128507,1270.708101512853,109.25266269971868,88.00002582399492,7421.326782217848,7220.1163286908995,8149.820000000001,2015
13,South East,312.29633570895777,170.02332045528237,101.83970242964547,6100.305616566637,3066.8317002683903,37.87692492012628,126.77257174759056,28.64862328605238,300.9533211359684,62.142851488508484,46.56596164529856,1291.3287408432766,77.15486004710786,67.43362537059836,11620.150835458158,11477.877820204481,8325.310000000001,2015
13,South West,305.512282068168,186.5986072156593,104.26235659527408,6619.134663069425,3925.5927600121117,58.44771774938836,183.25862180900631,2.51127288171625,425.67645422363665,136.45251049830895,17.570339479822696,664.0793277825943,63.71587484108101,93.07959066118016,12599.293771671702,12480.380096819192,4933.04,2015
14,North East,297.4810485589023,169.61693681971752,65.34452291739042,4891.3898723321545,2754.610689568526,32.704280428766914,259.8802252554607,0.7914446368682386,565.9926990341205,279.081129564385,2.7651590736412532,432.7720349095742,104.36952875767038,112.33103113835305,9799.513666175802,9671.64955443662,2601.76,2016
14,North West,296.8598069813957,160.2939140602748,70.91252743221825,5078.74536580707,2879.57404948669,28.966905813529575,183.37665050330887,2.3469591932874714,407.3236785358797,56.6176164680925,8.211264603714936,912.208782826722,112.72355611151453,56.42303331320418,10094.290197076612,9957.724304155492,6757.17,2016
14,Yorkshire and The Humber,309.14607456778276,173.26818754416416,94.30429084639994,5430.8936619932,3260.7749491990553,29.32315563046844,208.92142954891946,0.7149047477823678,426.258134478223,147.68819176589986,18.72444281918899,651.8353936444765,92.40679019430215,16.829143578391413,10687.820563014087,10551.942675990484,4615.87,2016
14,East Midlands,335.35796649935685,179.81421090563805,72.81410381001304,6142.560863282913,3396.2657873616336,45.31465899895331,122.94473997979765,0.9428794673577157,356.8959796690364,81.56804045392553,8.769559008320382,540.3400221992208,76.39755575756078,50.19343835581585,11230.365594843915,11074.821839250197,4390.47,2016
14,West Midlands,255.5367650969192,132.12926132285207,56.02197384012081,5239.809326088571,3059.3377355420785,63.21323083197697,124.79841193656563,1.791297586182893,372.4342860361061,55.929728967735215,4.353429317810195,397.5669082113667,127.11938154850777,25.119282405820996,9783.031757409777,9659.624253635699,5250.21,2016
14,East of England,295.6475339173005,158.43710500908008,73.02517249680352,6372.332938983744,3288.97694119044,81.44571012029172,161.72524379157065,9.08171813943952,261.17131343564165,28.27752283875564,171.99626994929528,1298.784467034215,79.37638458678231,91.77598068751092,12213.617197171774,12076.40676826356,5750.92,2016
14,London,387.4286412583903,155.6110292670667,104.03824018530634,2244.4571499396006,1515.372754716076,32.13002697020926,68.5584903148602,708.2955612514472,14.151789809808877,29.647297777409907,741.6974385054824,1252.6679515822364,98.30042714683294,141.82829359492408,7338.5740630525925,7106.7564510612665,8106.35,2016
14,South East,294.2838665964838,154.05251041541177,94.10050731180067,6561.991028762995,3313.528840281027,63.69553274133377,140.05759948810348,20.507263920199673,264.0199409217704,69.01793407918682,44.0725854623691,1288.7359365401646,79.52263640333877,80.31969008850102,12313.853362597281,12173.622006416208,8278.62,2016
14,South West,331.2193409418855,190.5143811593622,116.32401127909566,6420.831559674486,3803.938298063763,84.38999031628892,215.95398758186653,1.7221887596836043,411.2139444137092,107.93035928892546,17.310053724825842,668.0156477792094,47.68685972188095,198.42158885971998,12424.957830405347,12284.252870622822,4746.280000000001,2016
15,North East,306.69117345520783,170.16187426022415,81.59115652290701,4508.799922724834,2452.7833924456722,31.506904601891723,302.79516798505335,0.015438386338901423,559.332392951564,94.81807130677208,1.9713571238977323,301.61772279522734,90.91963193628035,138.13469077642785,8870.977023012065,8734.447723817091,2394.07,2017
15,North West,308.3710928729504,163.21506996120482,76.84090330227062,5106.878626677208,2745.021995396781,30.389578581993455,197.16485294507996,1.536498878501883,445.2553944538688,49.07109078446468,6.4595552710964865,833.6645126863336,117.46110311773234,77.340269354741,9995.45547432303,9850.299451411298,6478.64,2017
15,Yorkshire and The Humber,315.81233115141,159.5419555191982,92.58408390926388,5558.758092876128,3209.0397585092724,55.05291211369418,145.9079242088655,3.250597382307353,408.7284455670002,136.6832230830824,9.523684996364256,688.0653461989451,93.77079497270294,13.81750118619195,10730.994696155236,10574.724320523017,4561.13,2017
15,East Midlands,321.74002000760174,161.39916547496037,80.85741942481141,6505.302156665824,3412.7020292853144,59.469890402641525,116.95656636166059,2.198920444938334,300.03124039882255,76.81024955197742,12.761483921034891,478.8092099634458,76.98464187467494,49.594641312652506,11494.218469615384,11333.877615082753,4229.47,2017
15,West Midlands,246.20568666432993,117.34617830274344,51.10067602669685,5244.424567952641,2979.545082541043,45.60999698726166,149.64537254246258,0.5209079603770679,309.4180228591264,105.06817577143822,4.657731613071413,440.66251877050814,111.05160272175883,19.25874746965086,9707.169089880375,9578.309581518775,5111.75,2017
15,East of England,308.6487918185184,150.4648549476616,99.06303652836012,6478.974865508938,3069.0467332836047,69.10739800173816,150.2979298932465,7.699952435827342,258.0923673754466,55.472520740936126,186.38865233233463,1259.4118670901055,84.95266552054423,44.74318017566726,12071.899960705261,11913.716023834406,5672.030000000001,2017
15,London,413.07657464323046,147.98473520430548,99.1300997111597,2289.5083900427485,1658.6273790340051,40.20954102670732,62.01397613777213,671.3800447680026,14.744497869983379,54.68124376452525,788.0475859400823,1327.962265011401,93.77773745713627,171.3737173261666,7684.533052732915,7419.441213293994,7787.570000000001,2017
15,South East,314.2217726498185,159.09702191401342,102.08654338950713,6328.655029002054,3499.4298643997304,74.58404466613176,155.24593322772307,12.013626660825032,240.42537133553438,77.48298982175544,46.7173586056325,1232.4021223431487,90.89448135935622,42.838623077295125,12216.997760538501,12061.873009802708,8091.860000000001,2017
15,South West,345.45607026859994,169.51725616055336,117.13019215658724,6413.261301839035,3431.772494944078,95.53520986975569,211.92805908030888,2.1462688856402243,360.0722980779066,177.75357378673147,21.881822119765687,517.5197681003707,48.134408029506226,200.915310811821,11943.506777970106,11767.567963862055,4586.89,2017
16,North East,352.81293683321627,195.32017349890108,77.21351854586739,5307.915721457354,2620.1013571458197,25.965481572939982,267.2655745468925,0.016242841258595427,525.9714331479227,78.845177577678,4.367598567901892,483.25286117737835,97.23946815935845,216.85958313945522,10057.826954713035,9900.334191378712,2337.7200000000003,2018
16,North West,313.8931834217843,156.40446221828094,82.951838705184,5200.270006255837,2715.1861264616546,36.07626777300433,187.51538787301658,0.5306664861362104,434.8151386685263,40.03290356371825,4.928399325682556,791.2229881229251,127.11498149163333,66.19047392909671,10000.728362078204,9843.239640874699,6177.570000000001,2018
16,Yorkshire and The Humber,338.93049083387916,168.4762784156746,83.57015006109353,5490.989660165006,3015.6795352917197,56.61062604358626,106.83565915949458,4.774176417173839,422.4719318962814,79.59140699923391,11.256271221002859,715.0495665388617,74.88001772276226,12.105481861708103,10412.744974211811,10242.290761793613,4644.85,2018
16,East Midlands,325.28295866640303,153.06419256380008,84.22856179693419,6812.578336499261,3757.1990630217447,90.85435971751039,240.5419035485509,2.6090842279103743,236.65680301670042,59.798701726872814,16.43997640122632,579.6043113304082,72.89164773958925,60.59522525935826,12339.280932952479,12167.062166849875,4231.08,2018
16,West Midlands,265.2940494332635,118.98849144942008,55.26710052629399,5145.631451419299,2794.1768316114794,42.924459227333465,173.75135091992524,0.467630459035531,269.6508557748977,97.76384827314642,7.17401436691379,588.0641769344214,95.0649546004342,21.849232856259615,9557.079956402713,9410.77439841887,4681.88,2018
16,East of England,310.9183307141582,153.2662660515062,132.01137541168012,6545.916015291625,3350.9816240506943,55.85301201988265,208.61164615613296,16.072286547562342,280.16658545984785,60.2870711733057,156.6665167644164,1348.811205283454,104.81654641662664,10.870681426971187,12581.98289671635,12424.33083205371,5221.2300000000005,2018
16,London,409.60019150911563,143.94851380853865,110.05794310431092,1996.5966136801019,1488.1049355517446,31.66580730592888,51.56962879993801,673.5952324001806,11.138782452542113,73.37682513232066,823.1577834415305,1407.832945189716,105.38346352631844,143.92531541248087,7326.005467506225,7060.353789805644,6924.610000000001,2018
16,South East,328.4293161209927,165.71766080611496,100.49879980167667,6045.534960396989,3537.2751476789495,59.960592819088994,153.57148039494467,12.651185488222009,277.1407135446038,56.97234144795104,59.81784247990866,1246.428526105706,85.6096890488115,33.312590610876995,11997.203185938728,11834.491530623847,7750.540000000001,2018
16,South West,345.8338814122211,172.47635236813557,104.42315800853706,6357.059997730594,3330.528138421926,51.170657278504024,225.17665235877965,0.636063259685134,346.0515515737283,183.13290903107628,14.895452365575165,601.4202958721185,72.24265734106174,106.80318342788212,11739.374598081686,11566.017069037605,4223.030000000001,2018
17,North East,336.2344302621592,196.25596404805484,57.992743891081645,5718.954720582828,2773.225400121869,16.722489085701294,194.53203938878107,0,485.9666100581785,25.116052115539482,4.172016190355121,688.9421037034783,125.48914381621907,201.55900998869197,10628.906759204889,10488.928292990775,2460.08,2019
17,North West,317.4156282095636,162.58124234985823,88.6728878719286,5014.794019420822,2703.366424526915,16.14672514703062,138.90281931926194,0.6033237384260691,363.92105938597257,77.5746338273593,5.768228791697011,755.805139953808,127.38715073957448,60.7700035450905,9671.12804447745,9516.293658617738,6010.13,2019
17,Yorkshire and The Humber,333.5692635644024,172.61774060439762,82.38231261851796,5181.329270834256,2823.651449132475,34.116038863357005,132.92590476233715,1.693957676169355,396.1390628885282,83.38557026203702,8.876934502311416,605.2058756968509,84.9270599508563,10.744001503253347,9778.946702255354,9617.99517929535,4751.110000000001,2019
17,East Midlands,333.50917859471605,158.48529306596234,92.35139165225907,6611.769572550847,3659.764413484182,78.43194978033637,265.22994964402096,1.7559271242250922,252.6693735589985,45.36351565562594,14.156920323655466,764.1947163362242,83.5384674635795,69.57001215724186,12272.305388325909,12097.281502797152,3963.82,2019
17,West Midlands,281.5477976046031,133.31078421946881,66.67543645665205,5110.953752969921,2896.5828543870316,26.936105065377273,250.60057136032353,0.3214294539560012,251.95438315328954,79.64696447388953,6.503455323632636,644.727445633613,97.27159164521596,13.759685878487993,9727.48147340599,9579.244460020858,4551.47,2019
17,East of England,315.4883087930998,156.9028120370713,116.42435500948245,6200.670911287874,3637.6182301284234,23.166890970124573,190.97048325822286,19.790003959011724,278.17365524843535,28.679714454192368,124.71273240464149,1503.6550323271836,99.66565171072803,5.092761988055242,12544.108731539487,12385.523234783454,5356.47,2019
17,London,392.24330268824184,137.7576233082092,103.90738200945324,1917.3646936619857,1363.3337008614285,20.34426188891668,43.6293466457107,648.3090610180664,5.339408705996222,53.94954166852299,872.9005176872275,1351.5539026363533,130.7879407220866,147.39642480079794,7051.059484994782,6796.573805614749,6707.26,2019
17,South East,318.0475519898743,153.89897352535576,81.51311899333359,6296.316215493372,3454.521338903737,54.86832614666583,158.01425509931173,11.191815338437364,268.05967577017117,33.592516912383076,70.120170923368,1351.0127424281636,63.95421198230826,58.4428837145511,12219.654823695668,12055.506245231161,7655.55,2019
17,South West,358.7216143321718,192.13340604631748,104.60513050835138,6369.192646262618,3316.9629379971307,41.78784699088243,310.2765755385476,2.218101245010831,339.0625830054683,138.69075863455083,17.26576860209043,728.6634539384402,73.77357716985041,46.003236712661554,11847.224230937782,11680.636022651914,4438.77,2019
